Neighborhood,Zip
Brooklyn Heights/Cobble Hill,11201
Parkville/Bensonhurst,11204
Williamsburg/Bedford-Stuyvesant,11206
Cypress Hills,11208
Vanderveer/Flatbush,11210
Brownsville,11212
Bath Beach/Bensonhurst,11214
Bedford-Stuyvesant,11216
Kensington/Windsor Terrace,11218
Sunset Park,11220
Greenpoint,11222
Coney Island,11224
Flatbush,11226
Homecrest/Madison,11229
Carroll Gardens/Red Hook,11231
Stuyvesant Heights,11233
Sheepshead Bay/Brighton Beach,11235
Bushwick,11237
Starrett City,11239
East Flatbush,11203
Fort Greene,11205
East New York,11207
Bay Ridge,11209
Williamsburg,11211
Brower Park/Crown Heights,11213
Park Slope/Windsor Terrace,11215
Park Slope/Gowanus,11217
Borough Park,11219
Bushwick/Bedford-Stuyvesant,11221
Gravesend/Homecrest,11223
Crown Heights,11225
Dyker Heights,11228
Midwood,11230
Industry City/Sunset Park,11232
Flatlands/Mill Basin,11234
Canarsie,11236
Prospect Heights,11238